session,scan_idx,unit_id,id_ref,pt_root_id,pt_position,area_tag,area_value,allen_slanted_classification_system,allen_slanted_cell_type,allen_slanted_layer,multifeature_classification_system,multifeature_cell_type,multifeature_layer,baylor_gnn_classification_system,baylor_gnn_cell_type,baylor_gnn_layer
7,4,2158,292684,864691134950156796,[192032 112224  20746],V1,316.01144,aibs_coarse_excitatory,23P,L2/3,excitatory,L2IT,L2,baylor_gnn_cell_type_fine,23P,L2/3
7,4,2162,292889,864691136126503206,[191888 112464  21903],V1,298.30856,aibs_coarse_excitatory,23P,L2/3,excitatory,L2IT,L2,,,Missing
7,4,2196,292666,864691135757002450,[187104 112880  20725],V1,335.88794,aibs_coarse_excitatory,23P,L2/3,excitatory,L2IT,L2,baylor_gnn_cell_type_fine,4P,L4
7,4,2197,292646,864691135738969220,[182528 117344  20379],V1,360.8778,aibs_coarse_excitatory,23P,L2/3,excitatory,L2IT,L2,baylor_gnn_cell_type_fine,23P,L2/3
7,4,2199,292728,864691136058646488,[186096 114176  21111],V1,335.81412,aibs_coarse_excitatory,23P,L2/3,excitatory,L2IT,L2,,,Missing
7,4,2200,292712,864691135943593332,[182048 115584  21330],V1,348.43414,aibs_coarse_excitatory,23P,L2/3,excitatory,L2IT,L2,baylor_gnn_cell_type_fine,23P,L2/3
7,4,2201,292734,864691135540272498,[187568 113216  21732],V1,317.97275,aibs_coarse_excitatory,23P,L2/3,excitatory,L2IT,L2,baylor_gnn_cell_type_fine,23P,L2/3
7,4,2202,292671,864691136211325884,[188352 114080  21059],V1,328.13394,aibs_coarse_excitatory,23P,L2/3,excitatory,L2IT,L2,baylor_gnn_cell_type_fine,23P,L2/3
7,4,2205,292838,864691135701629474,[184416 112704  22591],V1,316.52988,aibs_coarse_excitatory,23P,L2/3,excitatory,L2IT,L2,baylor_gnn_cell_type_fine,23P,L2/3
7,4,2207,292951,864691135587666812,[187312 111232  22632],V1,302.922,aibs_coarse_excitatory,23P,L2/3,excitatory,L2IT,L2,baylor_gnn_cell_type_fine,23P,L2/3
7,4,2237,256470,864691135336847849,[179216 115136  20457],V1,372.0809,aibs_coarse_excitatory,23P,L2/3,excitatory,L2IT,L2,,,Missing
7,4,2238,256456,864691136138779517,[176112 114336  20769],V1,380.1582,aibs_coarse_excitatory,23P,L2/3,excitatory,L2IT,L2,baylor_gnn_cell_type_fine,23P,L2/3
7,4,2239,292820,864691135067961412,[180096 113808  22118],V1,342.68457,aibs_coarse_excitatory,23P,L2/3,excitatory,L2IT,L2,baylor_gnn_cell_type_fine,4P,L4
7,4,2240,256638,864691135572576237,[175792 116256  21925],V1,363.73703,aibs_coarse_excitatory,23P,L2/3,excitatory,L2IT,L2,baylor_gnn_cell_type_fine,23P,L2/3
7,4,2241,256669,864691135498973715,[178880 112496  21851],V1,350.3436,aibs_coarse_excitatory,23P,L2/3,excitatory,L2IT,L2,baylor_gnn_cell_type_fine,5P-IT,L5
7,4,2277,256512,864691135573191405,[169472 115888  21788],V1,389.98874,aibs_coarse_excitatory,23P,L2/3,excitatory,L2IT,L2,baylor_gnn_cell_type_fine,23P,L2/3
7,4,2278,256609,864691137198691137,[170464 112688  22069],V1,382.25616,aibs_coarse_excitatory,23P,L2/3,excitatory,L2IT,L2,,,Missing
7,4,2280,256607,864691135947258916,[170208 113008  22507],V1,374.56433,aibs_coarse_excitatory,23P,L2/3,excitatory,L2IT,L2,baylor_gnn_cell_type_fine,23P,L2/3
7,4,2448,291345,864691136177731846,[191792 111008  22383],V1,291.1121,aibs_coarse_excitatory,23P,L2/3,excitatory,L2IT,L2,baylor_gnn_cell_type_fine,23P,L2/3
7,4,2484,256435,864691136314404669,[170752 117072  20449],V1,406.48193,aibs_coarse_excitatory,23P,L2/3,excitatory,L2IT,L2,baylor_gnn_cell_type_fine,23P,L2/3
7,4,2541,291348,864691135309722950,[192896 110208  22174],V1,289.17456,aibs_coarse_excitatory,23P,L2/3,excitatory,L2IT,L2,baylor_gnn_cell_type_fine,23P,L2/3
7,4,2648,256548,864691136177778950,[177760 114352  21510],V1,363.94003,aibs_coarse_excitatory,23P,L2/3,excitatory,L2IT,L2,baylor_gnn_cell_type_fine,23P,L2/3
7,4,2678,256531,864691135464671550,[173360 113488  21523],V1,380.60825,aibs_coarse_excitatory,23P,L2/3,excitatory,L2IT,L2,baylor_gnn_cell_type_fine,23P,L2/3
7,4,2738,256625,864691136177726726,[174704 115808  22327],V1,360.94843,aibs_coarse_excitatory,23P,L2/3,excitatory,L2IT,L2,baylor_gnn_cell_type_fine,23P,L2/3
7,4,2757,256449,864691135839950227,[174240 113824  20992],V1,384.3635,aibs_coarse_excitatory,23P,L2/3,excitatory,L2IT,L2,,,Missing
7,4,2778,256436,864691135448303762,[171360 117872  20664],V1,401.45572,aibs_coarse_excitatory,23P,L2/3,excitatory,L2IT,L2,baylor_gnn_cell_type_fine,23P,L2/3
7,4,2842,292714,864691136976001308,[183184 115008  21547],V1,340.9613,aibs_coarse_excitatory,23P,L2/3,excitatory,L2IT,L2,baylor_gnn_cell_type_fine,23P,L2/3
7,4,2859,256676,864691135739689073,[180032 111920  22362],V1,338.2944,aibs_coarse_excitatory,23P,L2/3,excitatory,L2IT,L2,,,Missing
7,4,2860,292667,864691134919972106,[187840 114048  20544],V1,335.63168,aibs_coarse_excitatory,23P,L2/3,excitatory,L2IT,L2,,,Missing
7,4,2976,291326,864691135398817569,[186640 108656  22542],V1,306.31284,aibs_coarse_excitatory,23P,L2/3,excitatory,L2IT,L2,baylor_gnn_cell_type_fine,23P,L2/3
7,4,5404,294860,864691135409940425,[192720 131232  22625],V1,288.36044,aibs_coarse_excitatory,23P,L2/3,excitatory,L3IT,L3,baylor_gnn_cell_type_fine,23P,L2/3
7,4,5432,294465,864691135587758716,[183584 136144  20422],V1,362.7476,aibs_coarse_excitatory,23P,L2/3,excitatory,L3IT,L3,,,Missing
7,4,5435,294493,864691136665051614,[187920 132096  20564],V1,341.40054,aibs_coarse_excitatory,23P,L2/3,excitatory,L2IT,L2,baylor_gnn_cell_type_fine,23P,L2/3
7,4,5436,294557,864691135732210873,[184944 132544  21307],V1,342.82794,aibs_coarse_excitatory,23P,L2/3,excitatory,L3IT,L3,baylor_gnn_cell_type_fine,23P,L2/3
7,4,5437,294547,864691135015652246,[183728 129008  21304],V1,346.44235,aibs_coarse_excitatory,23P,L2/3,excitatory,L2IT,L2,,,Missing
7,4,5438,294489,864691136091532855,[186848 130128  21012],V1,339.74646,aibs_coarse_excitatory,23P,L2/3,excitatory,L3IT,L3,baylor_gnn_cell_type_fine,23P,L2/3
7,4,5439,294576,864691136389921911,[188320 131408  21605],V1,326.1021,aibs_coarse_excitatory,23P,L2/3,excitatory,L2IT,L2,,,Missing
7,4,5440,294583,864691135743102827,[189792 134272  21227],V1,324.90042,aibs_coarse_excitatory,23P,L2/3,excitatory,L2IT,L2,baylor_gnn_cell_type_fine,23P,L2/3
7,4,5441,294691,864691136331247338,[188816 129840  21956],V1,315.94165,aibs_coarse_excitatory,23P,L2/3,excitatory,L2IT,L2,baylor_gnn_cell_type_fine,23P,L2/3
7,4,5442,294548,864691135470787666,[183936 131280  21625],V1,343.19778,aibs_coarse_excitatory,23P,L2/3,excitatory,L3IT,L3,baylor_gnn_cell_type_fine,23P,L2/3
7,4,5444,294652,864691135493051879,[182368 131488  22376],V1,335.79788,aibs_coarse_excitatory,23P,L2/3,excitatory,L3IT,L3,baylor_gnn_cell_type_fine,23P,L2/3
7,4,5446,294664,864691136042462038,[184800 131296  22474],V1,324.00742,aibs_coarse_excitatory,23P,L2/3,excitatory,L3IT,L3,baylor_gnn_cell_type_fine,23P,L2/3
7,4,5474,258230,864691136298125851,[175856 131472  20407],V1,392.37915,aibs_coarse_excitatory,23P,L2/3,excitatory,L3IT,L3,baylor_gnn_cell_type_fine,23P,L2/3
7,4,5475,258225,864691135763433270,[173696 131472  20938],V1,394.8566,aibs_coarse_excitatory,23P,L2/3,excitatory,L3IT,L3,baylor_gnn_cell_type_fine,23P,L2/3
7,4,5476,258399,864691136011686318,[178320 131264  22063],V1,357.4326,aibs_coarse_excitatory,23P,L2/3,excitatory,L2IT,L2,baylor_gnn_cell_type_fine,23P,L2/3
7,4,5477,258402,864691135294442678,[179504 134464  22207],V1,350.95694,aibs_coarse_excitatory,23P,L2/3,excitatory,L2IT,L2,,,Missing
7,4,5479,258391,864691135584504429,[177392 130416  22352],V1,355.31168,aibs_coarse_excitatory,23P,L2/3,excitatory,L2IT,L2,baylor_gnn_cell_type_fine,23P,L2/3
7,4,5505,258295,864691135258646703,[171888 132064  21298],V1,394.67975,aibs_coarse_excitatory,23P,L2/3,excitatory,L3IT,L3,baylor_gnn_cell_type_fine,23P,L2/3
7,4,5506,258202,864691135276132325,[168992 133520  20745],V1,415.22562,aibs_coarse_excitatory,23P,L2/3,excitatory,L3IT,L3,baylor_gnn_cell_type_fine,23P,L2/3
7,4,5507,258353,864691135183999490,[169328 130912  22110],V1,392.2234,aibs_coarse_excitatory,23P,L2/3,excitatory,L2IT,L2,baylor_gnn_cell_type_fine,23P,L2/3
7,4,5508,258284,864691135455400554,[170192 133552  21447],V1,400.966,aibs_coarse_excitatory,23P,L2/3,excitatory,L3IT,L3,baylor_gnn_cell_type_fine,23P,L2/3
7,4,5509,258372,864691136314491965,[174496 133136  22519],V1,363.61438,aibs_coarse_excitatory,23P,L2/3,excitatory,L3IT,L3,baylor_gnn_cell_type_fine,23P,L2/3
7,4,5735,258113,864691135518283475,[170320 132992  20225],V1,415.93942,aibs_coarse_excitatory,23P,L2/3,excitatory,L3IT,L3,baylor_gnn_cell_type_fine,23P,L2/3
7,4,5743,258301,864691135493686111,[173632 133776  21477],V1,387.25232,aibs_coarse_excitatory,23P,L2/3,excitatory,L2IT,L2,baylor_gnn_cell_type_fine,23P,L2/3
7,4,5875,258232,864691135294361782,[176272 133792  20486],V1,389.3763,aibs_coarse_excitatory,23P,L2/3,excitatory,L3IT,L3,baylor_gnn_cell_type_fine,23P,L2/3
7,4,5908,258382,864691135741930603,[176464 133552  22445],V1,358.74066,aibs_coarse_excitatory,23P,L2/3,excitatory,L3IT,L3,baylor_gnn_cell_type_fine,23P,L2/3
7,4,5940,258322,864691135619756943,[179840 132976  21342],V1,363.24155,aibs_coarse_excitatory,23P,L2/3,excitatory,L3IT,L3,baylor_gnn_cell_type_fine,23P,L2/3
7,4,6191,258166,864691135465932357,[178720 132192  20263],V1,381.57916,aibs_coarse_excitatory,23P,L2/3,excitatory,L3IT,L3,baylor_gnn_cell_type_fine,23P,L2/3
7,4,6216,294667,864691135210134905,[186048 128336  22528],V1,315.92056,aibs_coarse_excitatory,23P,L2/3,excitatory,L2IT,L2,baylor_gnn_cell_type_fine,23P,L2/3
7,4,8861,298950,864691136211371452,[190976 162720  21212],V1,330.61658,aibs_coarse_excitatory,4P,L4,excitatory,L4IT,L4,baylor_gnn_cell_type_fine,4P,L4
7,4,8868,298953,864691136968773070,[191376 164656  21712],V1,321.0417,aibs_coarse_excitatory,4P,L4,excitatory,L4IT,L4,baylor_gnn_cell_type_fine,4P,L4
7,4,8904,298669,864691135196592938,[185264 167696  20139],V1,370.06476,aibs_coarse_excitatory,4P,L4,excitatory,L4IT,L4,,,Missing
7,4,8906,298800,864691135742247787,[185600 166752  20750],V1,360.63834,aibs_coarse_excitatory,4P,L4,excitatory,L4IT,L4,baylor_gnn_cell_type_fine,4P,L4
7,4,8907,298814,864691135593133067,[189040 164896  21017],V1,343.12845,aibs_coarse_excitatory,4P,L4,excitatory,L4IT,L4,baylor_gnn_cell_type_fine,4P,L4
7,4,8908,298795,864691135215023416,[183776 165504  21045],V1,364.29538,aibs_coarse_excitatory,4P,L4,excitatory,L4IT,L4,baylor_gnn_cell_type_fine,4P,L4
7,4,8909,298944,864691135490505018,[189872 163472  21278],V1,334.18854,aibs_coarse_excitatory,4P,L4,excitatory,L4IT,L4,baylor_gnn_cell_type_fine,4P,L4
7,4,8910,298789,864691136229363025,[182928 164912  20727],V1,370.65762,aibs_coarse_excitatory,4P,L4,excitatory,L4IT,L4,baylor_gnn_cell_type_fine,4P,L4
7,4,8911,298913,864691134966710559,[184768 167088  21715],V1,348.20648,aibs_coarse_excitatory,4P,L4,excitatory,L4IT,L4,baylor_gnn_cell_type_fine,4P,L4
7,4,8912,299068,864691136058745048,[187280 162544  22042],V1,332.64722,aibs_coarse_excitatory,4P,L4,excitatory,L4IT,L4,baylor_gnn_cell_type_fine,4P,L4
7,4,8913,299069,864691135916843366,[187536 163936  22391],V1,326.5083,aibs_coarse_excitatory,4P,L4,excitatory,L4IT,L4,,,Missing
7,4,8914,299083,864691136453442303,[191344 165760  21883],V1,319.0688,aibs_coarse_excitatory,4P,L4,excitatory,L4IT,L4,baylor_gnn_cell_type_fine,4P,L4
7,4,8916,299056,864691136101341045,[185696 162976  22576],V1,328.96527,aibs_coarse_excitatory,4P,L4,excitatory,L4IT,L4,baylor_gnn_cell_type_fine,4P,L4
7,4,8955,262726,864691135518173395,[179920 167104  20924],V1,382.96475,aibs_coarse_excitatory,23P,L2/3,excitatory,L4IT,L4,baylor_gnn_cell_type_fine,4P,L4
7,4,8956,262696,864691135920571056,[176144 165856  20821],V1,397.62717,aibs_coarse_excitatory,4P,L4,excitatory,L4IT,L4,baylor_gnn_cell_type_fine,4P,L4
7,4,8957,262710,864691136488999186,[177504 168848  21048],V1,390.44763,aibs_coarse_excitatory,4P,L4,excitatory,L4IT,L4,baylor_gnn_cell_type_fine,4P,L4
7,4,8958,262673,864691135594982187,[171904 166304  20772],V1,415.03723,aibs_coarse_excitatory,4P,L4,excitatory,L4IT,L4,baylor_gnn_cell_type_fine,4P,L4
7,4,8959,262821,864691135214977920,[177360 165072  21648],V1,379.591,aibs_coarse_excitatory,4P,L4,excitatory,L4IT,L4,baylor_gnn_cell_type_fine,4P,L4
7,4,8960,262935,864691136111556792,[175088 167776  22240],V1,379.34348,aibs_coarse_excitatory,4P,L4,excitatory,L4IT,L4,baylor_gnn_cell_type_fine,4P,L4
7,4,8962,298863,864691136052688115,[180912 164960  21521],V1,368.46176,aibs_coarse_excitatory,4P,L4,excitatory,L5IT,L5,baylor_gnn_cell_type_fine,5P-IT,L5
7,4,8963,262942,864691135490483514,[176240 164608  22531],V1,367.62418,aibs_coarse_excitatory,4P,L4,excitatory,L4IT,L4,baylor_gnn_cell_type_fine,4P,L4
7,4,8964,263078,864691135305643175,[178224 163456  22632],V1,357.32016,aibs_coarse_excitatory,4P,L4,excitatory,L4IT,L4,baylor_gnn_cell_type_fine,23P,L2/3
7,4,9000,262777,864691136380816597,[169168 168480  21133],V1,421.07355,aibs_coarse_excitatory,Unsure E,Unsure/Other,excitatory,L4IT,L4,baylor_gnn_cell_type_fine,4P,L4
7,4,9001,262780,864691135478429352,[169360 167152  21606],V1,414.10507,aibs_coarse_excitatory,4P,L4,excitatory,L4IT,L4,baylor_gnn_cell_type_fine,4P,L4
7,4,9002,262892,864691136011768494,[171264 163856  21889],V1,398.39374,aibs_coarse_excitatory,4P,L4,excitatory,L4IT,L4,baylor_gnn_cell_type_fine,4P,L4
7,4,9004,262887,864691135727799359,[171040 168096  22526],V1,389.558,aibs_coarse_excitatory,4P,L4,excitatory,L4IT,L4,baylor_gnn_cell_type_fine,4P,L4
7,4,9155,299043,864691136391034487,[184176 165760  22284],V1,342.18732,aibs_coarse_excitatory,4P,L4,excitatory,L4IT,L4,baylor_gnn_cell_type_fine,4P,L4
7,4,9330,299034,864691135703164283,[182768 165328  22488],V1,342.78348,aibs_coarse_excitatory,4P,L4,excitatory,L4IT,L4,baylor_gnn_cell_type_fine,4P,L4
7,4,9337,262814,864691135779716797,[175824 166464  21524],V1,389.25708,aibs_coarse_excitatory,4P,L4,excitatory,L4IT,L4,baylor_gnn_cell_type_fine,4P,L4
7,4,9390,262687,864691135802341986,[173696 166912  20570],V1,410.20044,aibs_coarse_excitatory,4P,L4,excitatory,L4IT,L4,baylor_gnn_cell_type_fine,4P,L4
7,4,9401,262636,864691135493624415,[168736 167680  20422],V1,432.90265,aibs_coarse_excitatory,4P,L4,excitatory,L4IT,L4,baylor_gnn_cell_type_fine,4P,L4
7,4,9427,262534,864691135760319822,[175424 166160  20228],V1,407.164,aibs_coarse_excitatory,4P,L4,excitatory,L4IT,L4,baylor_gnn_cell_type_fine,4P,L4
7,4,9428,298714,864691135728030015,[192576 164976  20306],V1,337.48862,aibs_coarse_excitatory,4P,L4,excitatory,L4IT,L4,baylor_gnn_cell_type_fine,4P,L4
7,4,9446,262889,864691135662802416,[171200 164992  22279],V1,393.6219,aibs_coarse_excitatory,4P,L4,excitatory,L4IT,L4,baylor_gnn_cell_type_fine,4P,L4
7,4,9465,299088,864691135717457178,[192288 163952  22058],V1,313.17706,aibs_coarse_excitatory,4P,L4,excitatory,L4IT,L4,baylor_gnn_cell_type_fine,4P,L4
7,4,9553,298790,864691135295330828,[183376 169456  20428],V1,375.18658,aibs_coarse_excitatory,4P,L4,excitatory,L4IT,L4,,,Missing
7,4,9651,262419,864691135656664770,[170384 167664  20297],V1,426.86737,aibs_coarse_excitatory,4P,L4,excitatory,L4IT,L4,baylor_gnn_cell_type_fine,4P,L4
7,4,11878,302840,864691135720061233,[185664 200192  20160],V1,378.74335,aibs_coarse_excitatory,5P-IT,L5,excitatory,L5IT,L5,baylor_gnn_cell_type_fine,5P-IT,L5
7,4,11882,303087,864691135885406064,[188896 199568  21067],V1,355.7604,aibs_coarse_excitatory,5P-IT,L5,excitatory,L5IT,L5,baylor_gnn_cell_type_fine,5P-IT,L5
7,4,11883,303097,864691135480652998,[192720 201840  21312],V1,335.99796,aibs_coarse_excitatory,5P-IT,L5,excitatory,L5IT,L5,baylor_gnn_cell_type_fine,5P-IT,L5
7,4,11884,302998,864691136010928046,[190928 197184  20620],V1,351.9614,aibs_coarse_excitatory,5P-IT,L5,excitatory,L6IT,L6,baylor_gnn_cell_type_fine,5P-IT,L5
7,4,11886,303095,864691135566168599,[191744 201440  21606],V1,336.87115,aibs_coarse_excitatory,5P-PT,L5,excitatory,L5ET,L5,baylor_gnn_cell_type_fine,5P-PT,L5
7,4,11887,303174,864691136195798504,[192016 202448  22622],V1,315.98257,aibs_coarse_excitatory,5P-PT,L5,excitatory,L5ET,L5,baylor_gnn_cell_type_fine,5P-PT,L5
7,4,11888,303139,864691136330101226,[184048 198528  22493],V1,349.24997,aibs_coarse_excitatory,5P-PT,L5,excitatory,L5ET,L5,baylor_gnn_cell_type_fine,5P-PT,L5
7,4,11889,303169,864691135346975135,[190352 200160  22227],V1,329.8286,aibs_coarse_excitatory,5P-IT,L5,excitatory,L5IT,L5,baylor_gnn_cell_type_fine,5P-IT,L5
7,4,11929,302957,864691135585266808,[183456 202752  20953],V1,380.81326,aibs_coarse_excitatory,5P-PT,L5,excitatory,L5ET,L5,baylor_gnn_cell_type_fine,5P-PT,L5
7,4,11930,267193,864691135970210661,[175104 198208  21230],V1,405.6891,aibs_coarse_excitatory,5P-IT,L5,excitatory,L5IT,L5,baylor_gnn_cell_type_fine,5P-IT,L5
7,4,11931,267206,864691135308295238,[179344 202224  21208],V1,390.72452,aibs_coarse_excitatory,Unsure E,Unsure/Other,excitatory,L6IT,L6,baylor_gnn_cell_type_fine,6P-IT,L6
7,4,11933,303137,864691136022520056,[183168 204576  21936],V1,364.50644,aibs_coarse_excitatory,5P-PT,L5,excitatory,L5ET,L5,,,Missing
7,4,11934,267195,864691135375767369,[175888 199648  21374],V1,401.60388,aibs_coarse_excitatory,5P-IT,L5,excitatory,L5IT,L5,baylor_gnn_cell_type_fine,5P-IT,L5
7,4,11935,267205,864691137021264750,[178848 204240  21385],V1,391.4045,aibs_coarse_excitatory,5P-PT,L5,excitatory,L5ET,L5,baylor_gnn_cell_type_fine,5P-PT,L5
7,4,11936,267319,864691135779049056,[179776 198880  22450],V1,368.31274,aibs_coarse_excitatory,5P-PT,L5,excitatory,L5ET,L5,,,Missing
7,4,11970,267272,864691135741910164,[170864 204560  21900],V1,414.1672,aibs_coarse_excitatory,5P-IT,L5,excitatory,L6IT,L6,baylor_gnn_cell_type_fine,5P-IT,L5
7,4,11971,267194,864691135977666883,[175264 198256  21776],V1,396.33466,aibs_coarse_excitatory,5P-PT,L5,excitatory,L5ET,L5,,,Missing
7,4,11973,267287,864691136118805668,[172976 204624  22249],V1,400.59705,aibs_coarse_excitatory,5P-IT,L5,excitatory,L6IT,L6,baylor_gnn_cell_type_fine,5P-IT,L5
7,4,12246,267038,864691135811658700,[174816 201840  20364],V1,421.06705,aibs_coarse_excitatory,5P-PT,L5,excitatory,L5ET,L5,baylor_gnn_cell_type_fine,5P-PT,L5
7,4,12267,303144,864691135640544571,[185264 198192  22188],V1,350.2334,aibs_coarse_excitatory,5P-PT,L5,excitatory,L5ET,L5,baylor_gnn_cell_type_fine,5P-PT,L5
7,4,12284,267307,864691135948123745,[177120 197456  22127],V1,383.3726,aibs_coarse_excitatory,5P-PT,L5,excitatory,L5ET,L5,,,Missing
7,4,12286,267102,864691135398243105,[179680 201408  20426],V1,401.05237,aibs_coarse_excitatory,5P-IT,L5,excitatory,L5IT,L5,baylor_gnn_cell_type_fine,5P-IT,L5
7,4,12290,303048,864691135258642863,[184768 198896  21743],V1,358.97302,aibs_coarse_excitatory,5P-PT,L5,excitatory,L5ET,L5,baylor_gnn_cell_type_fine,5P-PT,L5
7,4,12316,267294,864691135774389755,[175376 203728  22239],V1,390.72833,aibs_coarse_excitatory,5P-PT,L5,excitatory,L5ET,L5,baylor_gnn_cell_type_fine,5P-PT,L5
7,4,12346,267295,864691135214123064,[175376 199104  22465],V1,385.1869,aibs_coarse_excitatory,5P-PT,L5,excitatory,L5ET,L5,,,Missing
7,4,12372,302861,864691135617409385,[188256 200192  20216],V1,367.90674,aibs_coarse_excitatory,5P-PT,L5,excitatory,L5ET,L5,baylor_gnn_cell_type_fine,5P-PT,L5
7,4,12562,303164,864691135878061395,[188832 198224  22608],V1,327.91483,aibs_coarse_excitatory,5P-IT,L5,excitatory,L5IT,L5,baylor_gnn_cell_type_fine,5P-IT,L5
7,4,12568,302968,864691135929072340,[184512 198528  21011],V1,372.89285,aibs_coarse_excitatory,5P-IT,L5,excitatory,L5IT,L5,baylor_gnn_cell_type_fine,5P-IT,L5
7,4,12619,267180,864691135570135020,[171440 196976  21279],V1,419.29218,aibs_coarse_excitatory,5P-IT,L5,excitatory,L6IT,L6,baylor_gnn_cell_type_fine,6P-IT,L6
7,4,12637,267163,864691135868919318,[169888 206416  21665],V1,423.19925,aibs_coarse_excitatory,5P-IT,L5,excitatory,L5IT,L5,baylor_gnn_cell_type_fine,5P-IT,L5
