id_ref,created_ref,valid_ref,volume,pt_supervoxel_id,pt_root_id,id,created,valid,target_id,session,scan_idx,unit_id,field,residual,score,pt_position,bb_start_position,bb_end_position,target_id_ext
292684,2020-09-28 22:45:19.428363+00:00,True,372.53873,91134396396288966,864691134950156796,50009,2024-12-18 19:02:46.471557+00:00,True,292684,7,4,2158,2,10.304643,1.7584486,[192032 112224  20746],[<NA> <NA> <NA>],[<NA> <NA> <NA>],292684
292889,2020-09-28 22:44:27.240567+00:00,True,254.00066,91134465250137874,864691136126503206,50013,2024-12-18 19:02:46.473745+00:00,True,292889,7,4,2162,2,3.4827824,8.972762,[191888 112464  21903],[<NA> <NA> <NA>],[<NA> <NA> <NA>],292889
292666,2020-09-28 22:44:02.529861+00:00,True,209.28528,90501215137650063,864691135757002450,50042,2024-12-18 19:02:46.489799+00:00,True,292666,7,4,2196,2,13.983134,-3.24818,[187104 112880  20725],[<NA> <NA> <NA>],[<NA> <NA> <NA>],292666
292646,2020-09-28 22:45:13.921913+00:00,True,345.55234,89868446128941331,864691135738969220,50043,2024-12-18 19:02:46.490335+00:00,True,292646,7,4,2197,2,6.2813416,5.16161,[182528 117344  20379],[<NA> <NA> <NA>],[<NA> <NA> <NA>],292646
292728,2020-09-28 22:45:05.946027+00:00,True,318.60342,90360615155179836,864691136058646488,50045,2024-12-18 19:02:46.491415+00:00,True,292728,7,4,2199,2,1.9257232,8.506238,[186096 114176  21111],[<NA> <NA> <NA>],[<NA> <NA> <NA>],292728
292712,2020-09-28 22:44:30.540031+00:00,True,257.90857,89797871360450461,864691135943593332,50046,2024-12-18 19:02:46.491943+00:00,True,292712,7,4,2200,2,7.91319,3.25681,[182048 115584  21330],[<NA> <NA> <NA>],[<NA> <NA> <NA>],292712
292734,2020-09-28 22:43:41.533998+00:00,True,294.29663,90571584016011523,864691135540272498,50047,2024-12-18 19:02:46.492482+00:00,True,292734,7,4,2201,2,11.429761,0.05098708,[187568 113216  21732],[<NA> <NA> <NA>],[<NA> <NA> <NA>],292734
292671,2020-09-28 22:40:49.673282+00:00,True,225.59294,90642090131819352,864691136211325884,50048,2024-12-18 19:02:46.493018+00:00,True,292671,7,4,2202,2,7.7670965,3.3138685,[188352 114080  21059],[<NA> <NA> <NA>],[<NA> <NA> <NA>],292671
292838,2020-09-28 22:41:22.400526+00:00,True,285.25903,90149302965492552,864691135701629474,50051,2024-12-18 19:02:46.494623+00:00,True,292838,7,4,2205,2,4.5453887,5.90916,[184416 112704  22591],[<NA> <NA> <NA>],[<NA> <NA> <NA>],292838
292951,2020-09-28 22:44:13.651151+00:00,True,230.7331,90500940527985455,864691135587666812,50053,2024-12-18 19:02:46.495813+00:00,True,292951,7,4,2207,2,8.130662,3.1375842,[187312 111232  22632],[<NA> <NA> <NA>],[<NA> <NA> <NA>],292951
256470,2020-09-28 22:43:08.826020+00:00,True,242.5199,89375590041880542,864691135336847849,50079,2024-12-18 19:02:46.510016+00:00,True,256470,7,4,2237,2,11.101138,1.157227,[179216 115136  20457],[<NA> <NA> <NA>],[<NA> <NA> <NA>],256470
256456,2020-09-28 22:45:24.758168+00:00,True,438.20514,88953240204708144,864691136138779517,50080,2024-12-18 19:02:46.510555+00:00,True,256456,7,4,2238,2,6.696436,4.907026,[176112 114336  20769],[<NA> <NA> <NA>],[<NA> <NA> <NA>],256456
292820,2020-09-28 22:44:04.335590+00:00,True,211.89821,89516121639791892,864691135067961412,50081,2024-12-18 19:02:46.511106+00:00,True,292820,7,4,2239,2,10.578845,-0.22964264,[180096 113808  22118],[<NA> <NA> <NA>],[<NA> <NA> <NA>],292820
256638,2020-09-28 22:44:51.823587+00:00,True,291.1799,88953515216995530,864691135572576237,50082,2024-12-18 19:02:46.511634+00:00,True,256638,7,4,2240,2,12.009927,1.5573683,[175792 116256  21925],[<NA> <NA> <NA>],[<NA> <NA> <NA>],256638
256669,2020-09-28 22:43:22.310108+00:00,True,291.43155,89375246645623251,864691135498973715,50083,2024-12-18 19:02:46.512295+00:00,True,256669,7,4,2241,2,6.099354,7.2334113,[178880 112496  21851],[<NA> <NA> <NA>],[<NA> <NA> <NA>],256669
256512,2020-09-28 22:42:31.706886+00:00,True,320.44186,88038652823071807,864691135573191405,50116,2024-12-18 19:02:46.530209+00:00,True,256512,7,4,2277,2,4.5747914,3.20881,[169472 115888  21788],[<NA> <NA> <NA>],[<NA> <NA> <NA>],256512
256609,2020-09-28 22:45:05.508416+00:00,True,316.75186,88178978061378529,864691137198691137,50117,2024-12-18 19:02:46.530738+00:00,True,256609,7,4,2278,2,8.678039,2.3030057,[170464 112688  22069],[<NA> <NA> <NA>],[<NA> <NA> <NA>],256609
256607,2020-09-28 22:43:45.403246+00:00,True,323.9058,88179046781337396,864691135947258916,50119,2024-12-18 19:02:46.531808+00:00,True,256607,7,4,2280,2,4.870949,8.953177,[170208 113008  22507],[<NA> <NA> <NA>],[<NA> <NA> <NA>],256607
291345,2020-09-28 22:41:16.200164+00:00,True,344.67413,91134259158791688,864691136177731846,50278,2024-12-18 19:02:46.618860+00:00,True,291345,7,4,2448,2,3.6365461,9.096107,[191792 111008  22383],[<NA> <NA> <NA>],[<NA> <NA> <NA>],291345
256435,2020-09-28 22:45:00.940412+00:00,True,307.51508,88249965012889400,864691136314404669,50311,2024-12-18 19:02:46.636791+00:00,True,256435,7,4,2484,2,2.3458667,6.1369314,[170752 117072  20449],[<NA> <NA> <NA>],[<NA> <NA> <NA>],256435
291348,2020-09-28 22:42:50.774258+00:00,True,300.22043,91274859207930308,864691135309722950,50366,2024-12-18 19:02:46.666819+00:00,True,291348,7,4,2541,2,7.475269,2.6221857,[192896 110208  22174],[<NA> <NA> <NA>],[<NA> <NA> <NA>],291348
256548,2020-09-28 22:45:15.218772+00:00,True,346.18506,89234715315318693,864691136177778950,50467,2024-12-18 19:02:46.723112+00:00,True,256548,7,4,2648,2,1.4818553,9.986729,[177760 114352  21510],[<NA> <NA> <NA>],[<NA> <NA> <NA>],256548
256531,2020-09-28 22:45:07.728670+00:00,True,322.8023,88601327898256679,864691135464671550,50493,2024-12-18 19:02:46.737423+00:00,True,256531,7,4,2678,2,7.146527,1.2764642,[173360 113488  21523],[<NA> <NA> <NA>],[<NA> <NA> <NA>],256531
256625,2020-09-28 22:44:14.105816+00:00,True,232.70409,88812709076150429,864691136177726726,50546,2024-12-18 19:02:46.766532+00:00,True,256625,7,4,2738,2,8.30043,4.95237,[174704 115808  22327],[<NA> <NA> <NA>],[<NA> <NA> <NA>],256625
256449,2020-09-28 22:43:23.767701+00:00,True,315.00616,88742065252966980,864691135839950227,50564,2024-12-18 19:02:46.776603+00:00,True,256449,7,4,2757,2,7.9584827,6.7349887,[174240 113824  20992],[<NA> <NA> <NA>],[<NA> <NA> <NA>],256449
256436,2020-09-28 22:45:13.736866+00:00,True,344.08365,88320402543343348,864691135448303762,50581,2024-12-18 19:02:46.786265+00:00,True,256436,7,4,2778,2,5.640729,4.1097775,[171360 117872  20664],[<NA> <NA> <NA>],[<NA> <NA> <NA>],256436
292714,2020-09-28 22:45:01.664604+00:00,True,310.88147,89938540196086387,864691136976001308,50641,2024-12-18 19:02:46.819163+00:00,True,292714,7,4,2842,2,6.3988986,5.418672,[183184 115008  21547],[<NA> <NA> <NA>],[<NA> <NA> <NA>],292714
256676,2020-09-28 22:41:10.745396+00:00,True,230.13048,89515915481621493,864691135739689073,50656,2024-12-18 19:02:46.827401+00:00,True,256676,7,4,2859,2,11.963503,3.125371,[180032 111920  22362],[<NA> <NA> <NA>],[<NA> <NA> <NA>],256676
292667,2020-09-28 22:45:21.223376+00:00,True,387.41098,90571721320546579,864691134919972106,50657,2024-12-18 19:02:46.827931+00:00,True,292667,7,4,2860,2,5.6161323,9.295911,[187840 114048  20544],[<NA> <NA> <NA>],[<NA> <NA> <NA>],292667
291326,2020-09-28 22:40:44.439728+00:00,True,224.69444,90430228186324001,864691135398817569,50763,2024-12-18 19:02:46.886579+00:00,True,291326,7,4,2976,2,13.243683,-5.0572467,[186640 108656  22542],[<NA> <NA> <NA>],[<NA> <NA> <NA>],291326
294860,2020-09-28 22:44:59.541111+00:00,True,305.6409,91277676773529536,864691135409940425,51428,2024-12-18 19:02:49.542146+00:00,True,294860,7,4,5404,4,8.700664,5.2713566,[192720 131232  22625],[<NA> <NA> <NA>],[<NA> <NA> <NA>],294860
294465,2020-09-28 22:44:49.790304+00:00,True,287.43417,90011726237969974,864691135587758716,51453,2024-12-18 19:02:49.555817+00:00,True,294465,7,4,5432,4,12.2162,1.3997,[183584 136144  20422],[<NA> <NA> <NA>],[<NA> <NA> <NA>],294465
294493,2020-09-28 22:44:58.914739+00:00,True,302.97556,90574126502259119,864691136665051614,51456,2024-12-18 19:02:49.557461+00:00,True,294493,7,4,5435,4,5.1938343,8.630477,[187920 132096  20564],[<NA> <NA> <NA>],[<NA> <NA> <NA>],294493
294557,2020-09-28 22:45:05.958346+00:00,True,318.6385,90222351568226732,864691135732210873,51457,2024-12-18 19:02:49.558011+00:00,True,294557,7,4,5436,4,5.6801686,1.4636645,[184944 132544  21307],[<NA> <NA> <NA>],[<NA> <NA> <NA>],294557
294547,2020-09-28 22:45:21.233074+00:00,True,387.70624,90010764299362175,864691135015652246,51458,2024-12-18 19:02:49.558693+00:00,True,294547,7,4,5437,4,13.254229,0.018689971,[183728 129008  21304],[<NA> <NA> <NA>],[<NA> <NA> <NA>],294547
294489,2020-09-28 22:42:37.487440+00:00,True,280.13412,90433114203028288,864691136091532855,51459,2024-12-18 19:02:49.559242+00:00,True,294489,7,4,5438,4,9.023475,1.000941,[186848 130128  21012],[<NA> <NA> <NA>],[<NA> <NA> <NA>],294489
294576,2020-09-28 22:44:55.293087+00:00,True,296.5653,90644426661199216,864691136389921911,51460,2024-12-18 19:02:49.559773+00:00,True,294576,7,4,5439,4,2.0828552,11.55936,[188320 131408  21605],[<NA> <NA> <NA>],[<NA> <NA> <NA>],294576
294583,2020-09-28 22:45:13.880766+00:00,True,345.15027,90855876424176600,864691135743102827,51461,2024-12-18 19:02:49.560318+00:00,True,294583,7,4,5440,4,10.1141,3.6464,[189792 134272  21227],[<NA> <NA> <NA>],[<NA> <NA> <NA>],294583
294691,2020-09-28 22:44:11.863352+00:00,True,227.49872,90714589247340842,864691136331247338,51462,2024-12-18 19:02:49.560853+00:00,True,294691,7,4,5441,4,5.253547,1.9086903,[188816 129840  21956],[<NA> <NA> <NA>],[<NA> <NA> <NA>],294691
294548,2020-09-28 22:45:05.600324+00:00,True,317.2162,90081476707791607,864691135470787666,51463,2024-12-18 19:02:49.561402+00:00,True,294548,7,4,5442,4,1.986246,7.2019253,[183936 131280  21625],[<NA> <NA> <NA>],[<NA> <NA> <NA>],294548
294652,2020-09-28 22:44:43.988511+00:00,True,277.8248,89870370542667010,864691135493051879,51465,2024-12-18 19:02:49.562486+00:00,True,294652,7,4,5444,4,8.30163,4.2898817,[182368 131488  22376],[<NA> <NA> <NA>],[<NA> <NA> <NA>],294652
294664,2020-09-28 22:43:08.922982+00:00,True,311.26306,90151845519437827,864691136042462038,51467,2024-12-18 19:02:49.563555+00:00,True,294664,7,4,5446,4,10.905012,-1.7725147,[184800 131296  22474],[<NA> <NA> <NA>],[<NA> <NA> <NA>],294664
258230,2020-09-28 22:44:55.809390+00:00,True,298.44128,88955576599984368,864691136298125851,51489,2024-12-18 19:02:49.575866+00:00,True,258230,7,4,5474,4,12.2088,-3.6132,[175856 131472  20407],[<NA> <NA> <NA>],[<NA> <NA> <NA>],258230
258225,2020-09-28 22:43:16.108089+00:00,True,302.83548,88674101690450393,864691135763433270,51490,2024-12-18 19:02:49.576419+00:00,True,258225,7,4,5475,4,10.904,1.076,[173696 131472  20938],[<NA> <NA> <NA>],[<NA> <NA> <NA>],258225
258399,2020-09-28 22:41:32.402721+00:00,True,226.19243,89307351869365118,864691136011686318,51491,2024-12-18 19:02:49.576978+00:00,True,258399,7,4,5476,4,2.99521,10.071429,[178320 131264  22063],[<NA> <NA> <NA>],[<NA> <NA> <NA>],258399
258402,2020-09-28 22:42:43.402554+00:00,True,307.9784,89448570394253033,864691135294442678,51492,2024-12-18 19:02:49.577526+00:00,True,258402,7,4,5477,4,12.3622,-2.1802,[179504 134464  22207],[<NA> <NA> <NA>],[<NA> <NA> <NA>],258402
258391,2020-09-28 22:44:06.340521+00:00,True,216.62679,89166545661876847,864691135584504429,51494,2024-12-18 19:02:49.578620+00:00,True,258391,7,4,5479,4,6.343028,6.147679,[177392 130416  22352],[<NA> <NA> <NA>],[<NA> <NA> <NA>],258391
258295,2020-09-28 22:45:06.059386+00:00,True,319.1816,88392695500113733,864691135258646703,51514,2024-12-18 19:02:49.589793+00:00,True,258295,7,4,5505,4,6.90123,2.758161,[171888 132064  21298],[<NA> <NA> <NA>],[<NA> <NA> <NA>],258295
258202,2020-09-28 22:45:17.956129+00:00,True,365.4828,87970689126320793,864691135276132325,51515,2024-12-18 19:02:49.590341+00:00,True,258202,7,4,5506,4,2.9183183,9.97807,[168992 133520  20745],[<NA> <NA> <NA>],[<NA> <NA> <NA>],258202
258353,2020-09-28 22:44:02.531562+00:00,True,209.29495,88040714474248621,864691135183999490,51516,2024-12-18 19:02:49.590884+00:00,True,258353,7,4,5507,4,6.0640073,4.323301,[169328 130912  22110],[<NA> <NA> <NA>],[<NA> <NA> <NA>],258353
258284,2020-09-28 22:45:13.882459+00:00,True,345.17435,88181795426193124,864691135455400554,51517,2024-12-18 19:02:49.591424+00:00,True,258284,7,4,5508,4,5.4359045,3.6340306,[170192 133552  21447],[<NA> <NA> <NA>],[<NA> <NA> <NA>],258284
258372,2020-09-28 22:43:24.388187+00:00,True,287.68372,88744676794369404,864691136314491965,51518,2024-12-18 19:02:49.592152+00:00,True,258372,7,4,5509,4,14.9215,0.9152,[174496 133136  22519],[<NA> <NA> <NA>],[<NA> <NA> <NA>],258372
258113,2020-09-28 22:43:32.150344+00:00,True,355.08206,88181726572292650,864691135518283475,51715,2024-12-18 19:02:49.702123+00:00,True,258113,7,4,5735,4,6.212321,5.4758563,[170320 132992  20225],[<NA> <NA> <NA>],[<NA> <NA> <NA>],258113
258301,2020-09-28 22:45:21.670906+00:00,True,398.34943,88674376635434834,864691135493686111,51722,2024-12-18 19:02:49.705920+00:00,True,258301,7,4,5743,4,6.859226,4.8350496,[173632 133776  21477],[<NA> <NA> <NA>],[<NA> <NA> <NA>],258301
258232,2020-09-28 22:45:01.535266+00:00,True,310.24316,89026220288670277,864691135294361782,51846,2024-12-18 19:02:49.775213+00:00,True,258232,7,4,5875,4,1.291166,9.382225,[176272 133792  20486],[<NA> <NA> <NA>],[<NA> <NA> <NA>],258232
258382,2020-09-28 22:41:55.706175+00:00,True,246.81563,89026220490459523,864691135741930603,51876,2024-12-18 19:02:49.791788+00:00,True,258382,7,4,5908,4,10.916127,-3.211034,[176464 133552  22445],[<NA> <NA> <NA>],[<NA> <NA> <NA>],258382
258322,2020-09-28 22:41:40.615887+00:00,True,324.7661,89518732845960346,864691135619756943,51906,2024-12-18 19:02:49.808408+00:00,True,258322,7,4,5940,4,6.3958783,4.479559,[179840 132976  21342],[<NA> <NA> <NA>],[<NA> <NA> <NA>],258322
258166,2020-09-28 22:41:10.597601+00:00,True,294.61545,89307489040220487,864691135465932357,52132,2024-12-18 19:02:51.900124+00:00,True,258166,7,4,6191,4,7.0782347,5.798912,[178720 132192  20263],[<NA> <NA> <NA>],[<NA> <NA> <NA>],258166
294667,2020-09-28 22:43:17.845555+00:00,True,293.91388,90362539435193614,864691135210134905,52156,2024-12-18 19:02:51.913091+00:00,True,294667,7,4,6216,4,8.543472,4.349619,[186048 128336  22528],[<NA> <NA> <NA>],[<NA> <NA> <NA>],294667
298950,2020-09-28 22:44:19.475632+00:00,True,241.50508,91000462203198157,864691136211371452,52972,2024-12-18 19:02:52.363152+00:00,True,298950,7,4,8861,6,13.170725,2.0713468,[190976 162720  21212],[<NA> <NA> <NA>],[<NA> <NA> <NA>],298950
298953,2020-09-28 22:43:03.966692+00:00,True,248.65947,91071105892389024,864691136968773070,52979,2024-12-18 19:02:52.366920+00:00,True,298953,7,4,8868,6,5.213586,4.183631,[191376 164656  21712],[<NA> <NA> <NA>],[<NA> <NA> <NA>],298953
298669,2020-09-28 22:41:47.859512+00:00,True,277.235,90227093077726740,864691135196592938,53009,2024-12-18 19:02:54.479281+00:00,True,298669,7,4,8904,6,11.442384,1.8868375,[185264 167696  20139],[<NA> <NA> <NA>],[<NA> <NA> <NA>],298669
298800,2020-09-28 22:44:24.712569+00:00,True,249.13739,90297324450184090,864691135742247787,53011,2024-12-18 19:02:54.480369+00:00,True,298800,7,4,8906,6,4.0926285,9.575197,[185600 166752  20750],[<NA> <NA> <NA>],[<NA> <NA> <NA>],298800
298814,2020-09-28 22:42:13.041361+00:00,True,254.76662,90789630848344624,864691135593133067,53012,2024-12-18 19:02:54.480942+00:00,True,298814,7,4,8907,6,3.543543,10.527494,[189040 164896  21017],[<NA> <NA> <NA>],[<NA> <NA> <NA>],298814
298795,2020-09-28 22:41:46.010534+00:00,True,274.57486,90015643381895624,864691135215023416,53013,2024-12-18 19:02:54.481503+00:00,True,298795,7,4,8908,6,8.894525,0.8987876,[183776 165504  21045],[<NA> <NA> <NA>],[<NA> <NA> <NA>],298795
298944,2020-09-28 22:44:32.370799+00:00,True,260.51083,90859793434394918,864691135490505018,53014,2024-12-18 19:02:54.482062+00:00,True,298944,7,4,8909,6,9.2845,3.96,[189872 163472  21278],[<NA> <NA> <NA>],[<NA> <NA> <NA>],298944
298789,2020-09-28 22:44:19.169432+00:00,True,240.61412,89945205851390943,864691136229363025,53015,2024-12-18 19:02:54.482585+00:00,True,298789,7,4,8910,6,6.676682,1.6026789,[182928 164912  20727],[<NA> <NA> <NA>],[<NA> <NA> <NA>],298789
298913,2020-09-28 22:40:55.436991+00:00,True,256.9575,90156587095957101,864691134966710559,53016,2024-12-18 19:02:54.483134+00:00,True,298913,7,4,8911,6,7.3460693,0.672697,[184768 167088  21715],[<NA> <NA> <NA>],[<NA> <NA> <NA>],298913
299068,2020-09-28 22:44:15.793697+00:00,True,235.6165,90507881127926748,864691136058745048,53017,2024-12-18 19:02:54.483663+00:00,True,299068,7,4,8912,6,13.054774,0.8560204,[187280 162544  22042],[<NA> <NA> <NA>],[<NA> <NA> <NA>],299068
299069,2020-09-28 22:44:49.887823+00:00,True,287.81003,90578387311474855,864691135916843366,53018,2024-12-18 19:02:54.484215+00:00,True,299069,7,4,8913,6,9.056903,4.197188,[187536 163936  22391],[<NA> <NA> <NA>],[<NA> <NA> <NA>],299069
299083,2020-09-28 22:44:07.087675+00:00,True,218.68102,91071243331528296,864691136453442303,53019,2024-12-18 19:02:54.484742+00:00,True,299083,7,4,8914,6,6.8628,4.5441,[191344 165760  21883],[<NA> <NA> <NA>],[<NA> <NA> <NA>],299083
299056,2020-09-28 22:41:32.054405+00:00,True,244.99864,90296774962545596,864691136101341045,53021,2024-12-18 19:02:54.485835+00:00,True,299056,7,4,8916,6,6.992058,-0.39797807,[185696 162976  22576],[<NA> <NA> <NA>],[<NA> <NA> <NA>],299056
262726,2020-09-28 22:40:53.163402+00:00,True,271.0348,89523268264453192,864691135518173395,53054,2024-12-18 19:02:54.504128+00:00,True,262726,7,4,8955,6,3.6034224,9.45788,[179920 167104  20924],[<NA> <NA> <NA>],[<NA> <NA> <NA>],262726
262696,2020-09-28 22:44:28.629853+00:00,True,255.08217,88960180871942348,864691135920571056,53055,2024-12-18 19:02:54.504662+00:00,True,262696,7,4,8956,6,4.5488214,9.009206,[176144 165856  20821],[<NA> <NA> <NA>],[<NA> <NA> <NA>],262696
262710,2020-09-28 22:41:32.465682+00:00,True,238.13046,89171699488113773,864691136488999186,53056,2024-12-18 19:02:54.505214+00:00,True,262710,7,4,8957,6,9.509728,2.495998,[177504 168848  21048],[<NA> <NA> <NA>],[<NA> <NA> <NA>],262710
262673,2020-09-28 22:44:26.979182+00:00,True,253.18326,88397299637926388,864691135594982187,53057,2024-12-18 19:02:54.505737+00:00,True,262673,7,4,8958,6,11.5001,3.3228,[171904 166304  20772],[<NA> <NA> <NA>],[<NA> <NA> <NA>],262673
262821,2020-09-28 22:41:13.031141+00:00,True,278.81406,89171218518995616,864691135214977920,53058,2024-12-18 19:02:54.506296+00:00,True,262821,7,4,8959,6,4.042572,4.544855,[177360 165072  21648],[<NA> <NA> <NA>],[<NA> <NA> <NA>],262821
262935,2020-09-28 22:44:21.041822+00:00,True,243.6943,88819718462667549,864691136111556792,53059,2024-12-18 19:02:54.506838+00:00,True,262935,7,4,8960,6,9.890713,1.2065921,[175088 167776  22240],[<NA> <NA> <NA>],[<NA> <NA> <NA>],262935
298863,2020-09-28 22:45:05.995994+00:00,True,318.85657,89663731008586818,864691136052688115,53061,2024-12-18 19:02:54.507917+00:00,True,298863,7,4,8962,6,8.30761,6.63739,[180912 164960  21521],[<NA> <NA> <NA>],[<NA> <NA> <NA>],298863
262942,2020-09-28 22:42:58.830411+00:00,True,259.57858,89030412445157392,864691135490483514,53062,2024-12-18 19:02:54.508455+00:00,True,262942,7,4,8963,6,4.2557282,4.929459,[176240 164608  22531],[<NA> <NA> <NA>],[<NA> <NA> <NA>],262942
263078,2020-09-28 22:41:20.755200+00:00,True,241.89928,89311681263608674,864691135305643175,53063,2024-12-18 19:02:54.508999+00:00,True,263078,7,4,8964,6,7.4087105,4.687459,[178224 163456  22632],[<NA> <NA> <NA>],[<NA> <NA> <NA>],263078
262777,2020-09-28 22:44:44.194178+00:00,True,278.5416,88045730861895569,864691136380816597,53093,2024-12-18 19:02:54.525439+00:00,True,262777,7,4,9000,6,5.3002887,4.071815,[169168 168480  21133],[<NA> <NA> <NA>],[<NA> <NA> <NA>],262777
262780,2020-09-28 22:44:11.565534+00:00,True,226.2098,88045593489998044,864691135478429352,53094,2024-12-18 19:02:54.525995+00:00,True,262780,7,4,9001,6,3.2044983,9.32369,[169360 167152  21606],[<NA> <NA> <NA>],[<NA> <NA> <NA>],262780
262892,2020-09-28 22:44:38.457538+00:00,True,269.8258,88326587430689074,864691136011768494,53095,2024-12-18 19:02:54.526524+00:00,True,262892,7,4,9002,6,10.701117,2.8548822,[171264 163856  21889],[<NA> <NA> <NA>],[<NA> <NA> <NA>],262892
262887,2020-09-28 22:42:48.854514+00:00,True,251.45425,88256768509561483,864691135727799359,53097,2024-12-18 19:02:54.527590+00:00,True,262887,7,4,9004,6,8.602088,2.0709827,[171040 168096  22526],[<NA> <NA> <NA>],[<NA> <NA> <NA>],262887
299043,2020-09-28 22:44:22.653102+00:00,True,245.78687,90086080980035490,864691136391034487,53227,2024-12-18 19:02:54.598770+00:00,True,299043,7,4,9155,6,4.3561583,5.784326,[184176 165760  22284],[<NA> <NA> <NA>],[<NA> <NA> <NA>],299043
299034,2020-09-28 22:43:04.624523+00:00,True,246.00854,89874906028249399,864691135703164283,53388,2024-12-18 19:02:54.689103+00:00,True,299034,7,4,9330,6,2.8694985,9.028136,[182768 165328  22488],[<NA> <NA> <NA>],[<NA> <NA> <NA>],299034
262814,2020-09-28 22:44:30.542836+00:00,True,257.91183,88960249725252307,864691135779716797,53394,2024-12-18 19:02:54.692347+00:00,True,262814,7,4,9337,6,2.1231828,7.206538,[175824 166464  21524],[<NA> <NA> <NA>],[<NA> <NA> <NA>],262814
262687,2020-09-28 22:45:01.628109+00:00,True,310.6554,88678843333891525,864691135802341986,53442,2024-12-18 19:02:54.718802+00:00,True,262687,7,4,9390,6,2.7214859,9.578964,[173696 166912  20570],[<NA> <NA> <NA>],[<NA> <NA> <NA>],262687
262636,2020-09-28 22:44:32.559382+00:00,True,261.10672,87975293264388067,864691135493624415,53452,2024-12-18 19:02:54.724385+00:00,True,262636,7,4,9401,6,1.863082,7.233421,[168736 167680  20422],[<NA> <NA> <NA>],[<NA> <NA> <NA>],262636
262534,2020-09-28 22:42:53.025709+00:00,True,253.21783,88889880780042583,864691135760319822,53475,2024-12-18 19:02:54.737863+00:00,True,262534,7,4,9427,6,6.5550976,5.885352,[175424 166160  20228],[<NA> <NA> <NA>],[<NA> <NA> <NA>],262534
298714,2020-09-28 22:41:10.512017+00:00,True,240.71832,91282211923783175,864691135728030015,53476,2024-12-18 19:02:54.738413+00:00,True,298714,7,4,9428,6,4.593942,3.542564,[192576 164976  20306],[<NA> <NA> <NA>],[<NA> <NA> <NA>],298714
262889,2020-09-28 22:44:22.789637+00:00,True,246.01526,88326724936602021,864691135662802416,53492,2024-12-18 19:02:54.747276+00:00,True,262889,7,4,9446,6,5.6634355,4.30459,[171200 164992  22279],[<NA> <NA> <NA>],[<NA> <NA> <NA>],262889
299088,2020-09-28 22:44:00.088016+00:00,True,198.7322,91211706008680645,864691135717457178,53511,2024-12-18 19:02:54.757907+00:00,True,299088,7,4,9465,6,3.610082,5.591806,[192288 163952  22058],[<NA> <NA> <NA>],[<NA> <NA> <NA>],299088
298790,2020-09-28 22:44:38.190860+00:00,True,269.08917,90016193003955468,864691135295330828,53590,2024-12-18 19:02:54.801374+00:00,True,298790,7,4,9553,6,12.1478,1.9286,[183376 169456  20428],[<NA> <NA> <NA>],[<NA> <NA> <NA>],298790
262419,2020-09-28 22:41:14.891746+00:00,True,273.37048,88186399496762629,864691135656664770,53671,2024-12-18 19:02:54.846554+00:00,True,262419,7,4,9651,6,9.58714,1.0143707,[170384 167664  20297],[<NA> <NA> <NA>],[<NA> <NA> <NA>],262419
302840,2020-09-28 22:43:14.080803+00:00,True,380.81232,90301791148973899,864691135720061233,54370,2024-12-18 19:02:57.189313+00:00,True,302840,7,4,11878,8,6.3966017,2.444625,[185664 200192  20160],[<NA> <NA> <NA>],[<NA> <NA> <NA>],302840
303087,2020-09-28 22:44:19.580241+00:00,True,241.84734,90723935028625125,864691135885406064,54374,2024-12-18 19:02:57.191477+00:00,True,303087,7,4,11882,8,6.2082167,7.80587,[188896 199568  21067],[<NA> <NA> <NA>],[<NA> <NA> <NA>],303087
303097,2020-09-28 22:45:21.134603+00:00,True,385.4459,91287159860248726,864691135480652998,54375,2024-12-18 19:02:57.192028+00:00,True,303097,7,4,11883,8,7.806276,4.892595,[192720 201840  21312],[<NA> <NA> <NA>],[<NA> <NA> <NA>],303097
302998,2020-09-28 22:45:21.377986+00:00,True,391.2994,91005066340934762,864691136010928046,54376,2024-12-18 19:02:57.192584+00:00,True,302998,7,4,11884,8,12.763002,5.489647,[190928 197184  20620],[<NA> <NA> <NA>],[<NA> <NA> <NA>],302998
303095,2020-09-28 22:45:24.938806+00:00,True,453.11606,91146422438749662,864691135566168599,54378,2024-12-18 19:02:57.193688+00:00,True,303095,7,4,11886,8,5.2385917,9.010291,[191744 201440  21606],[<NA> <NA> <NA>],[<NA> <NA> <NA>],303095
303174,2020-09-28 22:41:27.901582+00:00,True,491.69547,91146560011902989,864691136195798504,54379,2024-12-18 19:02:57.194378+00:00,True,303174,7,4,11887,8,10.910038,5.336806,[192016 202448  22622],[<NA> <NA> <NA>],[<NA> <NA> <NA>],303174
303139,2020-09-28 22:43:57.914035+00:00,True,442.57886,90090479026781022,864691136330101226,54380,2024-12-18 19:02:57.194922+00:00,True,303139,7,4,11888,8,9.296697,6.447794,[184048 198528  22493],[<NA> <NA> <NA>],[<NA> <NA> <NA>],303139
303169,2020-09-28 22:44:36.094558+00:00,True,265.90594,90935110115024736,864691135346975135,54381,2024-12-18 19:02:57.195471+00:00,True,303169,7,4,11889,8,3.8738697,13.02803,[190352 200160  22227],[<NA> <NA> <NA>],[<NA> <NA> <NA>],303169
302957,2020-09-28 22:44:02.400990+00:00,True,507.26028,90020659837046869,864691135585266808,54415,2024-12-18 19:02:57.214513+00:00,True,302957,7,4,11929,8,8.73278,2.63842,[183456 202752  20953],[<NA> <NA> <NA>],[<NA> <NA> <NA>],302957
267193,2020-09-28 22:45:09.601749+00:00,True,328.2618,88823772777600733,864691135970210661,54416,2024-12-18 19:02:57.215072+00:00,True,267193,7,4,11930,8,14.1436,-1.9169,[175104 198208  21230],[<NA> <NA> <NA>],[<NA> <NA> <NA>],267193
267206,2020-09-28 22:43:14.051786+00:00,True,303.08826,89457641230989788,864691135308295238,54417,2024-12-18 19:02:57.215622+00:00,True,267206,7,4,11931,8,7.0000153,11.0894785,[179344 202224  21208],[<NA> <NA> <NA>],[<NA> <NA> <NA>],267206
303137,2020-09-28 22:45:25.436009+00:00,True,530.63025,89950566104965703,864691136022520056,54419,2024-12-18 19:02:57.216744+00:00,True,303137,7,4,11933,8,14.2914,-1.6364,[183168 204576  21936],[<NA> <NA> <NA>],[<NA> <NA> <NA>],303137
267195,2020-09-28 22:44:51.650751+00:00,True,290.69525,88964716424532152,864691135375767369,54420,2024-12-18 19:02:57.217300+00:00,True,267195,7,4,11934,8,13.6979,-4.51347,[175888 199648  21374],[<NA> <NA> <NA>],[<NA> <NA> <NA>],267195
267205,2020-09-28 22:43:47.615297+00:00,True,420.68967,89387547364912702,864691137021264750,54421,2024-12-18 19:02:57.217842+00:00,True,267205,7,4,11935,8,17.9794,0.8495,[178848 204240  21385],[<NA> <NA> <NA>],[<NA> <NA> <NA>],267205
267319,2020-09-28 22:41:44.181356+00:00,True,435.31927,89527597792764820,864691135779049056,54422,2024-12-18 19:02:57.218402+00:00,True,267319,7,4,11936,8,6.5963154,9.922976,[179776 198880  22450],[<NA> <NA> <NA>],[<NA> <NA> <NA>],267319
267272,2020-09-28 22:44:59.606901+00:00,True,305.92712,88261716244643227,864691135741910164,54453,2024-12-18 19:02:57.235865+00:00,True,267272,7,4,11970,8,11.652301,6.5960712,[170864 204560  21900],[<NA> <NA> <NA>],[<NA> <NA> <NA>],267272
267194,2020-09-28 22:43:46.858914+00:00,True,610.60974,88894141588921425,864691135977666883,54454,2024-12-18 19:02:57.236578+00:00,True,267194,7,4,11971,8,11.51442,2.0316312,[175264 198256  21776],[<NA> <NA> <NA>],[<NA> <NA> <NA>],267194
267287,2020-09-28 22:44:45.579718+00:00,True,279.82693,88543191288292907,864691136118805668,54456,2024-12-18 19:02:57.237660+00:00,True,267287,7,4,11973,8,16.730461,-1.9824948,[172976 204624  22249],[<NA> <NA> <NA>],[<NA> <NA> <NA>],267287
267038,2020-09-28 22:45:25.076572+00:00,True,466.89404,88824253679891664,864691135811658700,54691,2024-12-18 19:02:57.369789+00:00,True,267038,7,4,12246,8,3.1067984,10.847942,[174816 201840  20364],[<NA> <NA> <NA>],[<NA> <NA> <NA>],267038
303144,2020-09-28 22:45:24.876689+00:00,True,447.73148,90231147795286753,864691135640544571,54711,2024-12-18 19:02:57.381044+00:00,True,303144,7,4,12267,8,8.123128,6.553889,[185264 198192  22188],[<NA> <NA> <NA>],[<NA> <NA> <NA>],303144
267307,2020-09-28 22:45:25.169607+00:00,True,478.2493,89105179168917490,864691135948123745,54725,2024-12-18 19:02:57.388950+00:00,True,267307,7,4,12284,8,15.273918,1.6157227,[177120 197456  22127],[<NA> <NA> <NA>],[<NA> <NA> <NA>],267307
267102,2020-09-28 22:40:57.346505+00:00,True,371.5234,89457503658101416,864691135398243105,54727,2024-12-18 19:02:57.390087+00:00,True,267102,7,4,12286,8,11.2990265,3.745973,[179680 201408  20426],[<NA> <NA> <NA>],[<NA> <NA> <NA>],267102
303048,2020-09-28 22:44:17.097088+00:00,True,509.7526,90160916423054452,864691135258642863,54731,2024-12-18 19:02:57.392274+00:00,True,303048,7,4,12290,8,9.212527,7.258422,[184768 198896  21743],[<NA> <NA> <NA>],[<NA> <NA> <NA>],303048
267294,2020-09-28 22:45:25.482981+00:00,True,550.1952,88894897570199057,864691135774389755,54753,2024-12-18 19:02:57.404646+00:00,True,267294,7,4,12316,8,10.036754,3.5876555,[175376 203728  22239],[<NA> <NA> <NA>],[<NA> <NA> <NA>],267294
267295,2020-09-28 22:43:20.014876+00:00,True,393.8317,88894279095150580,864691135214123064,54781,2024-12-18 19:02:57.420063+00:00,True,267295,7,4,12346,8,8.81399,5.1928787,[175376 199104  22465],[<NA> <NA> <NA>],[<NA> <NA> <NA>],267295
302861,2020-09-28 22:43:53.948144+00:00,True,428.0302,90653634869932692,864691135617409385,54802,2024-12-18 19:02:57.431781+00:00,True,302861,7,4,12372,8,3.7968936,9.673052,[188256 200192  20216],[<NA> <NA> <NA>],[<NA> <NA> <NA>],302861
303164,2020-09-28 22:41:04.995259+00:00,True,335.4149,90723729071520237,864691135878061395,54975,2024-12-18 19:02:57.527449+00:00,True,303164,7,4,12562,8,12.0655,3.1188,[188832 198224  22608],[<NA> <NA> <NA>],[<NA> <NA> <NA>],303164
302968,2020-09-28 22:42:39.430164+00:00,True,316.87753,90160847636186223,864691135929072340,54981,2024-12-18 19:02:57.530862+00:00,True,302968,7,4,12568,8,11.695,3.3042,[184512 198528  21011],[<NA> <NA> <NA>],[<NA> <NA> <NA>],302968
267180,2020-09-28 22:44:43.846159+00:00,True,277.3777,88331054129432794,864691135570135020,55023,2024-12-18 19:02:59.565440+00:00,True,267180,7,4,12619,8,16.9424,1.1968,[171440 196976  21279],[<NA> <NA> <NA>],[<NA> <NA> <NA>],267180
267163,2020-09-28 22:41:50.443183+00:00,True,317.60123,88121184914484399,864691135868919318,55040,2024-12-18 19:02:59.574719+00:00,True,267163,7,4,12637,8,16.0455,-0.4932,[169888 206416  21665],[<NA> <NA> <NA>],[<NA> <NA> <NA>],267163
